{"cameraMode":{"drawMode":0,"name":"Shaded","section":"Shading Mode"},"sceneLighting":true,"audioPlay":false,"sceneViewState":{"m_AlwaysRefresh":false,"showFog":true,"showSkybox":true,"showFlares":true,"showImageEffects":true,"showParticleSystems":true,"showVisualEffectGraphs":true,"m_FxEnabled":true},"in2DMode":false,"pivot":{"x":0.6973273754119873,"y":3.8041136264801027,"z":0.8272657990455627},"rotation":{"x":-0.0002203569165430963,"y":0.9996795058250427,"z":-0.009306882508099079,"w":-0.023695800453424455},"size":3.3641273975372316,"orthographic":false}